query_item_key,query_text_bio,gold_item_key_bio
OEB150baa,limpieza de tubo de canalización existente. (nocturno/i >== 5 horas/volumen relevante),OEB150baa
OEB230hddaa,"canalización hormigonada 12 t, polietileno libre de halógenos de 200 mm, en cruce de carretera. (nocturno excepcional/i >== 5 horas/volumen relevante)",OEB230hddaa
OEB280aedaa,"canalización hormigonada 1 t, polietileno libre de halógenos de 40 mm, en andén. (nocturno excepcional/i >== 5 horas/volumen relevante)",OEB280aedaa
OEB030addaa,"canalización hormigonada 1 t, polietileno libre de halógenos de 110 mm, en cruce de carretera. (nocturno excepcional/i >==5 horas/volumen relevante)",OEB030addaa
OEB230hedaa,"canalización hormigonada 12 t, polietileno libre de halógenos de 200 mm, en andén. (nocturno excepcional/i >== 5 horas/volumen relevante)",OEB230hedaa
OEB040hbdaa,"canalización hormigonada 12 t, polietileno libre de halógenos de 160 mm, bajo vías. (nocturno excepcional/i >==5 horas/volumen relevante)",OEB040hbdaa
OEB250acbaa,suministro de canalización de 6 tubos de acero galvanizado de 100mm de diámetro para instalaciones cms en transiciones entre diferentes plataformas.(nocturno excepcional/i >==5 horas/volumen relevante),OEB250acbaa
OEB140dca,"apertura y tapado de cata con reparación de canalización existente (nocturno excepcional/i < ""3"" horas/volumen relevante)",OEB140dca
OEB100caa,suministro y ejecución de canalización en túnel acceso interfono (diurno excepcional/i >== 5 horas/volumen relevante),OEB100caa
OEB140dda,apertura y tapado de cata con reparación de canalización existente (nocturno excepcional/no necesita intervalo/volumen relevante),OEB140dda
OEB020afbda,"canalización hormigonada de 2 t, pvc 110 mm, adosada. (nocturno/no necesita intervalo/volumen relevante)",OEB020afbda
OEB300addda,"canalización hormigonada 1 t, polietileno libre de halógenos de 90 mm, en cruce de carretera. (nocturno excepcional/no necesita intervalo/volumen relevante)",OEB300addda
OEB280aaaaa,"canalización hormigonada 1 t, polietileno libre de halógenos de 40 mm, normal. (diurno/i >== 5 horas/volumen relevante)",OEB280aaaaa
OEB170becca,"canalización metálica superficial con 2 tubos de acero galvanizado de 4'' de diámetro. (diurno excepcional/i < ""3"" horas/volumen relevante)",OEB170becca
OEB150daa,limpieza de tubo de canalización existente. (nocturno excepcional/i >== 5 horas/volumen relevante),OEB150daa
OEB170aedaa,canalización metálica superficial con 1 tubos de acero galvanizado de 4'' de diámetro. (nocturno excepcional/i >== 5 horas/volumen relevante),OEB170aedaa
OEB290afcda,"canalización hormigonada 1 t, polietileno libre de halógenos de 50 mm, adosada. (diurno excepcional/no necesita intervalo/volumen relevante)",OEB290afcda
OEB030hadaa,"canalización hormigonada 12 t, polietileno libre de halógenos de 110 mm, normal. (nocturno excepcional/i >==5 horas/volumen relevante)",OEB030hadaa
OEB290addaa,"canalización hormigonada 1 t, polietileno libre de halógenos de 50 mm, en cruce de carretera. (nocturno excepcional/i >== 5 horas/volumen relevante)",OEB290addaa
OEB070bada,suministro y ejecución de canalización de 2 tubo(s) de polietileno 110 mm 5 at. con topo bajo vías (diurno/no necesita intervalo/volumen relevante),OEB070bada
OEB170badaa,canalización metálica superficial con 2 tubos de acero galvanizado de 1'' de diámetro. (nocturno excepcional/i >== 5 horas/volumen relevante),OEB170badaa
OEB170adaca,"canalización metálica superficial con 1 tubos de acero galvanizado de 3 1/2'' de diámetro. (diurno/i < ""3"" horas/volumen relevante)",OEB170adaca
OEB290afdaa,"canalización hormigonada 1 t, polietileno libre de halógenos de 50 mm, adosada. (nocturno excepcional/i >== 5 horas/volumen relevante)",OEB290afdaa
OEB040hddaa,"canalización hormigonada 12 t, polietileno libre de halógenos de 160 mm, en cruce de carretera. (nocturno excepcional/i >==5 horas/volumen relevante)",OEB040hddaa
OEB170addaa,canalización metálica superficial con 1 tubos de acero galvanizado de 3 1/2'' de diámetro. (nocturno excepcional/i >== 5 horas/volumen relevante),OEB170addaa
OEB170ddaaa,canalización metálica superficial con 4 tubos de acero galvanizado de 3 1/2'' de diámetro. (diurno/i >== 5 horas/volumen relevante),OEB170ddaaa
OEB170bdaca,"canalización metálica superficial con 2 tubos de acero galvanizado de 3 1/2'' de diámetro. (diurno/i < ""3"" horas/volumen relevante)",OEB170bdaca
OEB040hdeaa,"canalización hormigonada 12 t, polietileno libre de halógenos de 160 mm, en cruce de carretera. (cualquier frana horaria/i >==5 horas/volumen relevante)",OEB040hdeaa
OEB040aebaa,"canalización hormigonada 1 t, polietileno libre de halógenos de 160 mm, en andén. (nocturno/i >==5 horas/volumen relevante)",OEB040aebaa
OEB170efeda,canalización metálica superficial con 6 tubos de acero galvanizado de 5'' de diámetro. (cualquier franja horaria/no necesita intervalo/volumen relevante),OEB170efeda
OEB020aedda,"canalización hormigonada de 2 t, pvc 110 mm, en andén. (nocturno excepcional/no necesita intervalo/volumen relevante)",OEB020aedda
OEB030affda,"canalización hormigonada 1 t, polietileno libre de halógenos de 110 mm, adosada. (cualquier franja horaria excepcional/no necesita intervalo/volumen relevante)",OEB030affda
OEB070adaa,suministro y ejecución de canalización de 1 tubo(s) de polietileno 110 mm 5 at. con topo bajo vías (nocturno excepcional/i >==5 horas/volumen relevante),OEB070adaa
OEB120beda,suministro y ejecución de embocadura canalización de 4 tubos en arqueta o cámara existente (cualquier franja horaria/no necesita intervalo/volumen relevante),OEB120beda
OEB030ageda,"canalización hormigonada 1 t, polietileno libre de halógenos de 110 mm, en balasto. (cualquier frana horaria/no necesita intervalo/volumen relevante)",OEB030ageda
OEB120abca,"suministro y ejecución de embocadura canalización de 1 o 2 tubos en arqueta o cámara existente (nocturno/i < ""3"" horas/volumen relevante)",OEB120abca
OEB170beaca,"canalización metálica superficial con 2 tubos de acero galvanizado de 4'' de diámetro. (diurno/i < ""3"" horas/volumen relevante)",OEB170beaca
OEB250abbca,"suministro de canalización de 4 tubos de acero galvanizado de 100mm de diámetro para instalaciones cms en transiciones entre diferentes plataformas.(nocturno excepcional/i < ""3"" horas/volumen relevante)",OEB250abbca
OEB130ada,entronque de tubos de 110 mm en arqueta o cámara existente. (diurno/no necesita intervalo/volumen relevante),OEB130ada
OEB170bcdda,canalización metálica superficial con 2 tubos de acero galvanizado de 3'' de diámetro. (nocturno excepcional/no necesita intervalo/volumen relevante),OEB170bcdda
OEB170ceaaa,canalización metálica superficial con 3 tubos de acero galvanizado de 4'' de diámetro. (diurno/i >== 5 horas/volumen relevante),OEB170ceaaa
OEB150eaa,limpieza de tubo de canalización existente. (cualquier franja horaria/i >== 5 horas/volumen relevante),OEB150eaa
OEB230hadaa,"canalización hormigonada 12 t, polietileno libre de halógenos de 200 mm, normal. (nocturno excepcional/i >== 5 horas/volumen relevante)",OEB230hadaa
OEB020fedaa,"canalización hormigonada de 16 t, pvc 110 mm, en andén. (nocturno excepcional/i >==5 horas/volumen relevante)",OEB020fedaa
OEB030haaaa,"canalización hormigonada 12 t, polietileno libre de halógenos de 110 mm, normal. (diurno/i >==5 horas/volumen relevante)",OEB030haaaa
OEB030abada,"canalización hormigonada 1 t, polietileno libre de halógenos de 110 mm, bajo vías. (diurno/no necesita intervalo/volumen relevante)",OEB030abada
OEB030afcaa,"canalización hormigonada 1 t, polietileno libre de halógenos de 110 mm, adosada. (diurno excepcional/i >==5 horas/volumen relevante)",OEB030afcaa
OEB040acbaa,"canalización hormigonada 1 t, polietileno libre de halógenos de 160 mm, rocoso. (nocturno/i >==5 horas/volumen relevante)",OEB040acbaa
OEB040aacca,"canalización hormigonada 1 t, polietileno libre de halógenos de 160 mm, normal. (diurno excepcional/i < ""3"" horas/volumen relevante)",OEB040aacca
OEB180ada,hincas con cable tensor de acero para el tendido de cables sobre una trinchera de tierra. (diurno/no necesita intervalo/volumen relevante),OEB180ada
