axis,total,predicted,correct,recall,precision
BANDA DE MANTENIMIENTO,16571,9261,9261,0.5589,1.0000
CONDICIONES DE EJECUCIÓN,16580,141,141,0.0085,1.0000
DIÁMETRO,3,3,3,1.0000,1.0000
DIÁMETROS,888,888,888,1.0000,1.0000
MATERIAL,9,0,0,0.0000,0.0000
Nº TUBOS,15986,2149,2149,0.1344,1.0000
PAVIMENTO,13,0,0,0.0000,0.0000
PROFUNDIDAD,377,249,249,0.6605,1.0000
TERRENO,13,0,0,0.0000,0.0000
TIPO DE ACCIÓN,102,102,102,1.0000,1.0000
TIPO DE TERRENO,15259,9948,9948,0.6519,1.0000
TRABAJO,16571,15225,15220,0.9185,0.9997
TUBO,43,43,43,1.0000,1.0000

QUERY-LEVEL,all_axes_correct,85,/,0.0051,
QUERY-LEVEL,sample_size,16590,/,/,
