axis,method,NULL_count,WRONG_count
BANDA DE MANTENIMIENTO,rules,28,0
BANDA DE MANTENIMIENTO,cls,0,6382
BANDA DE MANTENIMIENTO,bio,7310,0
CONDICIONES DE EJECUCIÓN,rules,34,0
CONDICIONES DE EJECUCIÓN,cls,3,748
CONDICIONES DE EJECUCIÓN,bio,16439,0
DIÁMETRO,rules,0,0
DIÁMETRO,cls,0,2
DIÁMETRO,bio,0,0
DIÁMETROS,rules,0,0
DIÁMETROS,cls,0,0
DIÁMETROS,bio,0,0
MATERIAL,rules,0,0
MATERIAL,cls,0,2
MATERIAL,bio,9,0
Nº TUBOS,rules,0,0
Nº TUBOS,cls,0,0
Nº TUBOS,bio,13837,0
PAVIMENTO,rules,0,0
PAVIMENTO,cls,1,5
PAVIMENTO,bio,13,0
PROFUNDIDAD,rules,0,0
PROFUNDIDAD,cls,0,0
PROFUNDIDAD,bio,128,0
TERRENO,rules,0,0
TERRENO,cls,4,6
TERRENO,bio,13,0
TIPO DE ACCIÓN,rules,0,0
TIPO DE ACCIÓN,cls,0,47
TIPO DE ACCIÓN,bio,0,0
TIPO DE TERRENO,rules,0,0
TIPO DE TERRENO,cls,0,4718
TIPO DE TERRENO,bio,5310,0
TRABAJO,rules,1017,0
TRABAJO,cls,0,7777
TRABAJO,bio,1346,5
TUBO,rules,8,0
TUBO,cls,0,0
TUBO,bio,0,0
