axis,total,long_acc,short_acc,transfer_rate,both_correct,long_only,short_only
BANDA DE MANTENIMIENTO,420,1.0000,0.5667,0.5667,238,182,0
CONDICIONES DE EJECUCIÓN,454,1.0000,0.0683,0.0683,31,423,0
DIÁMETRO,15,1.0000,1.0000,1.0000,15,0,0
DIÁMETROS,20,1.0000,1.0000,1.0000,20,0,0
MATERIAL,20,1.0000,0.0000,0.0000,0,20,0
Nº TUBOS,220,1.0000,0.3864,0.3864,85,135,0
PAVIMENTO,36,1.0000,0.0000,0.0000,0,36,0
PROFUNDIDAD,40,0.5750,0.5750,1.0000,23,0,0
TERRENO,36,1.0000,0.0000,0.0000,0,36,0
TIPO DE ACCIÓN,20,1.0000,1.0000,1.0000,20,0,0
TIPO DE TERRENO,180,1.0000,0.6278,0.6278,113,67,0
TRABAJO,420,1.0000,0.9095,0.9095,382,38,0
TUBO,20,1.0000,1.0000,1.0000,20,0,0
