parent_key,concept,num_items,num_axes,total_queries,errors,error_rate
OEB030$,CANALIZACIÓN HORMIGONADA DE TUBO DE POLIETILENO 110mm,6336,5,6336,397,0.06265782828282829
OEB040$,CANALIZACIÓN HORMIGONADA DE TUBO DE POLIETILENO 160mm,6336,5,6336,364,0.05744949494949495
OEB020$,CANALIZACIÓN HORMIGONADA DE TUBO DE PVC 110 mm,4608,5,4608,265,0.05750868055555555
OEB190$,"ZANJA PARA CABLES DE 0,60 M DE ANCHURA A MANO",648,5,648,232,0.35802469135802467
OEB200$,"ZANJA PARA CABLES DE 0,60 M DE ANCHURA A MÁQUINA",432,5,432,145,0.33564814814814814
OEB230$,CANALIZACIÓN HORMIGONADA DE TUBO DE POLIETILENO 200mm,6336,5,6336,72,0.011363636363636364
OEB250$,TRANSICIÓN DE CANALIZACIONES CMS PARA OBRAS DE FÁBRICA,270,5,270,54,0.2
OEB290$,CANALIZACIÓN HORMIGONADA DE TUBO DE POLIETILENO 50mm,6336,5,6336,33,0.005208333333333333
OEB130$,ENTRONQUE DE TUBOS EN ARQUETA O CÁMARA EXISTENTE,72,3,72,19,0.2638888888888889
OEB300$,CANALIZACIÓN HORMIGONADA DE TUBO DE POLIETILENO 90mm,6336,5,6336,9,0.0014204545454545455
OEB070$,HINCA TUBO DE POLIETILENO 110 MM,144,4,144,8,0.05555555555555555
OEB010$,CANALIZACIÓN PARA LÍNEA SUBTERRANEA DOBLE CIRCUITO DE 220 Ó ,18,3,18,4,0.2222222222222222
OEB050$,CANALIZACIÓN DE CUATRITUBO POLIETILENO DOBLE PARED,18,3,18,1,0.05555555555555555
OEB280$,CANALIZACIÓN HORMIGONADA DE TUBO DE POLIETILENO 40mm,6336,5,6336,1,0.00015782828282828284
