axis_label,total_occurrences,correct,wrong_value,null_when_present,accuracy,accuracy_has_numbers,accuracy_no_numbers
CONDICIONES DE EJECUCIÓN,16580,16546,0,34,0.9979,0.9979,1.0
TRABAJO,16571,15554,0,1017,0.9386,0.9385,1.0
BANDA DE MANTENIMIENTO,16571,16543,0,28,0.9983,0.9983,1.0
Nº TUBOS,15986,15986,0,0,1.0,1.0,0.0
TIPO DE TERRENO,15259,15259,0,0,1.0,1.0,0.0
DIÁMETROS,888,888,0,0,1.0,1.0,0.0
PROFUNDIDAD,377,377,0,0,1.0,1.0,0.0
TIPO DE ACCIÓN,102,102,0,0,1.0,1.0,0.0
TUBO,43,35,0,8,0.814,0.814,0.0
TERRENO,13,13,0,0,1.0,1.0,0.0
PAVIMENTO,13,13,0,0,1.0,1.0,0.0
MATERIAL,9,9,0,0,1.0,1.0,1.0
DIÁMETRO,3,3,0,0,1.0,1.0,0.0
