item_key,kind,gold_trabajo,bio_trabajo,cls_trabajo,bio_correct,cls_correct
OEB020aaeaa,typo,Cualquier franja horaria,Cualquier franja horaria,Cualquier franja horaria,True,True
OEB020aaeab,typo,Cualquier franja horaria,Cualquier franja horaria,Cualquier franja horaria,True,True
OEB020aaeac,typo,Cualquier franja horaria,Cualquier franja horaria,Cualquier franja horaria,True,True
OEB020aaeba,typo,Cualquier franja horaria,Cualquier franja horaria,Cualquier franja horaria,True,True
OEB020aaebb,typo,Cualquier franja horaria,Cualquier franja horaria,Cualquier franja horaria,True,True
OEB020aaebc,typo,Cualquier franja horaria,Cualquier franja horaria,Cualquier franja horaria,True,True
OEB020aaeca,typo,Cualquier franja horaria,Cualquier franja horaria,Cualquier franja horaria,True,True
OEB020aaecb,typo,Cualquier franja horaria,Cualquier franja horaria,Cualquier franja horaria,True,True
OEB020aaecc,typo,Cualquier franja horaria,Cualquier franja horaria,Cualquier franja horaria,True,True
OEB020aaeda,typo,Cualquier franja horaria,Cualquier franja horaria,Cualquier franja horaria,True,True
OEB020aaedb,typo,Cualquier franja horaria,Cualquier franja horaria,Cualquier franja horaria,True,True
OEB020aaedc,typo,Cualquier franja horaria,Cualquier franja horaria,Cualquier franja horaria,True,True
OEB020abeaa,typo,Cualquier franja horaria,Cualquier franja horaria,Cualquier franja horaria,True,True
OEB020abeab,typo,Cualquier franja horaria,Cualquier franja horaria,Cualquier franja horaria,True,True
OEB020abeac,typo,Cualquier franja horaria,Cualquier franja horaria,Cualquier franja horaria,True,True
OEB020abeba,typo,Cualquier franja horaria,Cualquier franja horaria,Cualquier franja horaria,True,True
OEB020abebb,typo,Cualquier franja horaria,Cualquier franja horaria,Cualquier franja horaria,True,True
OEB020abebc,typo,Cualquier franja horaria,Cualquier franja horaria,Cualquier franja horaria,True,True
OEB020abeca,typo,Cualquier franja horaria,Cualquier franja horaria,Cualquier franja horaria,True,True
OEB020abecb,typo,Cualquier franja horaria,Cualquier franja horaria,Cualquier franja horaria,True,True
OEB020abecc,typo,Cualquier franja horaria,Cualquier franja horaria,Cualquier franja horaria,True,True
OEB020abeda,typo,Cualquier franja horaria,Cualquier franja horaria,Cualquier franja horaria,True,True
OEB020abedb,typo,Cualquier franja horaria,Cualquier franja horaria,Cualquier franja horaria,True,True
OEB020abedc,typo,Cualquier franja horaria,Cualquier franja horaria,Cualquier franja horaria,True,True
OEB020aceaa,typo,Cualquier franja horaria,Cualquier franja horaria,Cualquier franja horaria,True,True
OEB020aceab,typo,Cualquier franja horaria,Cualquier franja horaria,Cualquier franja horaria,True,True
OEB020aceac,typo,Cualquier franja horaria,Cualquier franja horaria,Cualquier franja horaria,True,True
OEB020aceba,typo,Cualquier franja horaria,Cualquier franja horaria,Cualquier franja horaria,True,True
OEB020acebb,typo,Cualquier franja horaria,Cualquier franja horaria,Cualquier franja horaria,True,True
OEB020acebc,typo,Cualquier franja horaria,Cualquier franja horaria,Cualquier franja horaria,True,True
OEB020aceca,typo,Cualquier franja horaria,Cualquier franja horaria,Cualquier franja horaria,True,True
OEB020acecb,typo,Cualquier franja horaria,Cualquier franja horaria,Cualquier franja horaria,True,True
OEB020acecc,typo,Cualquier franja horaria,Cualquier franja horaria,Cualquier franja horaria,True,True
OEB020aceda,typo,Cualquier franja horaria,,Cualquier franja horaria,False,True
OEB020acedb,typo,Cualquier franja horaria,,Cualquier franja horaria,False,True
OEB020acedc,typo,Cualquier franja horaria,Cualquier franja horaria,Cualquier franja horaria,True,True
OEB020adeaa,typo,Cualquier franja horaria,Cualquier franja horaria,Cualquier franja horaria,True,True
OEB020adeab,typo,Cualquier franja horaria,Cualquier franja horaria,Cualquier franja horaria,True,True
OEB020adeac,typo,Cualquier franja horaria,Cualquier franja horaria,Cualquier franja horaria,True,True
OEB020adeba,typo,Cualquier franja horaria,Cualquier franja horaria,Cualquier franja horaria,True,True
OEB020adebb,typo,Cualquier franja horaria,Cualquier franja horaria,Cualquier franja horaria,True,True
OEB020adebc,typo,Cualquier franja horaria,Cualquier franja horaria,Cualquier franja horaria,True,True
OEB020adeca,typo,Cualquier franja horaria,Cualquier franja horaria,Cualquier franja horaria,True,True
OEB020adecb,typo,Cualquier franja horaria,Cualquier franja horaria,Cualquier franja horaria excepcional,True,False
OEB020adecc,typo,Cualquier franja horaria,Cualquier franja horaria,Cualquier franja horaria excepcional,True,False
OEB020adeda,typo,Cualquier franja horaria,Cualquier franja horaria,Cualquier franja horaria excepcional,True,False
OEB020adedb,typo,Cualquier franja horaria,Cualquier franja horaria,Cualquier franja horaria,True,True
OEB020adedc,typo,Cualquier franja horaria,Cualquier franja horaria,Cualquier franja horaria,True,True
OEB020aeeaa,typo,Cualquier franja horaria,Cualquier franja horaria,Cualquier franja horaria,True,True
OEB020aeeab,typo,Cualquier franja horaria,Cualquier franja horaria,Cualquier franja horaria,True,True
OEB020aeeac,typo,Cualquier franja horaria,Cualquier franja horaria,Cualquier franja horaria,True,True
OEB020aeeba,typo,Cualquier franja horaria,Cualquier franja horaria,Cualquier franja horaria,True,True
OEB020aeebb,typo,Cualquier franja horaria,Cualquier franja horaria,Cualquier franja horaria,True,True
OEB020aeebc,typo,Cualquier franja horaria,Cualquier franja horaria,Cualquier franja horaria,True,True
OEB020aeeca,typo,Cualquier franja horaria,Cualquier franja horaria,Cualquier franja horaria,True,True
OEB020aeecb,typo,Cualquier franja horaria,Cualquier franja horaria,Cualquier franja horaria,True,True
OEB020aeecc,typo,Cualquier franja horaria,Cualquier franja horaria,Cualquier franja horaria,True,True
OEB020aeeda,typo,Cualquier franja horaria,Cualquier franja horaria,Cualquier franja horaria,True,True
OEB020aeedb,typo,Cualquier franja horaria,Cualquier franja horaria,Cualquier franja horaria,True,True
OEB020aeedc,typo,Cualquier franja horaria,Cualquier franja horaria,Cualquier franja horaria,True,True
OEB020afeaa,typo,Cualquier franja horaria,Cualquier franja horaria,Cualquier franja horaria,True,True
OEB020afeab,typo,Cualquier franja horaria,Cualquier franja horaria,Cualquier franja horaria,True,True
OEB020afeac,typo,Cualquier franja horaria,Cualquier franja horaria,Cualquier franja horaria,True,True
OEB020afeba,typo,Cualquier franja horaria,Cualquier franja horaria,Cualquier franja horaria,True,True
OEB020afebb,typo,Cualquier franja horaria,Cualquier franja horaria,Cualquier franja horaria,True,True
OEB020afebc,typo,Cualquier franja horaria,Cualquier franja horaria,Cualquier franja horaria,True,True
OEB020afeca,typo,Cualquier franja horaria,Cualquier franja horaria,Cualquier franja horaria,True,True
OEB020afecb,typo,Cualquier franja horaria,Cualquier franja horaria,Cualquier franja horaria,True,True
OEB020afecc,typo,Cualquier franja horaria,Cualquier franja horaria,Cualquier franja horaria,True,True
OEB020afeda,typo,Cualquier franja horaria,,Cualquier franja horaria,False,True
OEB020afedb,typo,Cualquier franja horaria,,Cualquier franja horaria,False,True
OEB020afedc,typo,Cualquier franja horaria,Cualquier franja horaria,Cualquier franja horaria,True,True
OEB020ageaa,typo,Cualquier franja horaria,Cualquier franja horaria,Cualquier franja horaria,True,True
OEB020ageab,typo,Cualquier franja horaria,Cualquier franja horaria,Cualquier franja horaria,True,True
OEB020ageac,typo,Cualquier franja horaria,Cualquier franja horaria,Cualquier franja horaria,True,True
OEB020ageba,typo,Cualquier franja horaria,Cualquier franja horaria,Cualquier franja horaria,True,True
OEB020agebb,typo,Cualquier franja horaria,Cualquier franja horaria,Cualquier franja horaria,True,True
OEB020agebc,typo,Cualquier franja horaria,Cualquier franja horaria,Cualquier franja horaria,True,True
OEB020ageca,typo,Cualquier franja horaria,Cualquier franja horaria,Cualquier franja horaria,True,True
OEB020agecb,typo,Cualquier franja horaria,Cualquier franja horaria,Cualquier franja horaria,True,True
OEB020agecc,typo,Cualquier franja horaria,Cualquier franja horaria,Cualquier franja horaria,True,True
OEB020ageda,typo,Cualquier franja horaria,Cualquier franja horaria,Cualquier franja horaria,True,True
OEB020agedb,typo,Cualquier franja horaria,Cualquier franja horaria,Cualquier franja horaria,True,True
OEB020agedc,typo,Cualquier franja horaria,Cualquier franja horaria,Cualquier franja horaria,True,True
OEB020aheaa,typo,Cualquier franja horaria,Cualquier franja horaria,Cualquier franja horaria,True,True
OEB020aheab,typo,Cualquier franja horaria,Cualquier franja horaria,Cualquier franja horaria,True,True
OEB020aheac,typo,Cualquier franja horaria,Cualquier franja horaria,Cualquier franja horaria,True,True
OEB020aheba,typo,Cualquier franja horaria,Cualquier franja horaria,Cualquier franja horaria,True,True
OEB020ahebb,typo,Cualquier franja horaria,Cualquier franja horaria,Cualquier franja horaria,True,True
OEB020ahebc,typo,Cualquier franja horaria,Cualquier franja horaria,Cualquier franja horaria,True,True
OEB020aheca,typo,Cualquier franja horaria,Cualquier franja horaria,Cualquier franja horaria,True,True
OEB020ahecb,typo,Cualquier franja horaria,Cualquier franja horaria,Cualquier franja horaria,True,True
OEB020ahecc,typo,Cualquier franja horaria,Cualquier franja horaria,Cualquier franja horaria,True,True
OEB020aheda,typo,Cualquier franja horaria,Cualquier franja horaria,Cualquier franja horaria,True,True
OEB020ahedb,typo,Cualquier franja horaria,Cualquier franja horaria,Cualquier franja horaria,True,True
OEB020ahedc,typo,Cualquier franja horaria,Cualquier franja horaria,Cualquier franja horaria,True,True
OEB020baeaa,typo,Cualquier franja horaria,Cualquier franja horaria,Cualquier franja horaria,True,True
OEB020baeab,typo,Cualquier franja horaria,Cualquier franja horaria,Cualquier franja horaria,True,True
OEB020baeac,typo,Cualquier franja horaria,Cualquier franja horaria,Cualquier franja horaria,True,True
OEB020baeba,typo,Cualquier franja horaria,Cualquier franja horaria,Cualquier franja horaria,True,True
OEB020baebb,typo,Cualquier franja horaria,Cualquier franja horaria,Cualquier franja horaria,True,True
OEB020baebc,typo,Cualquier franja horaria,Cualquier franja horaria,Cualquier franja horaria,True,True
OEB020baeca,typo,Cualquier franja horaria,Cualquier franja horaria,Cualquier franja horaria,True,True
OEB020baecb,typo,Cualquier franja horaria,Cualquier franja horaria,Cualquier franja horaria,True,True
OEB020baecc,typo,Cualquier franja horaria,Cualquier franja horaria,Cualquier franja horaria,True,True
OEB020baeda,typo,Cualquier franja horaria,Cualquier franja horaria,Cualquier franja horaria,True,True
OEB020baedb,typo,Cualquier franja horaria,Cualquier franja horaria,Cualquier franja horaria,True,True
OEB020baedc,typo,Cualquier franja horaria,Cualquier franja horaria,Cualquier franja horaria,True,True
OEB020bbeaa,typo,Cualquier franja horaria,Cualquier franja horaria,Cualquier franja horaria,True,True
OEB020bbeab,typo,Cualquier franja horaria,Cualquier franja horaria,Cualquier franja horaria,True,True
OEB020bbeac,typo,Cualquier franja horaria,Cualquier franja horaria,Cualquier franja horaria,True,True
OEB020bbeba,typo,Cualquier franja horaria,Cualquier franja horaria,Cualquier franja horaria,True,True
OEB020bbebb,typo,Cualquier franja horaria,Cualquier franja horaria,Cualquier franja horaria,True,True
OEB020bbebc,typo,Cualquier franja horaria,Cualquier franja horaria,Cualquier franja horaria,True,True
OEB020bbeca,typo,Cualquier franja horaria,Cualquier franja horaria,Cualquier franja horaria,True,True
OEB020bbecb,typo,Cualquier franja horaria,Cualquier franja horaria,Cualquier franja horaria,True,True
OEB020bbecc,typo,Cualquier franja horaria,Cualquier franja horaria,Cualquier franja horaria,True,True
OEB020bbeda,typo,Cualquier franja horaria,Cualquier franja horaria,Cualquier franja horaria,True,True
OEB020bbedb,typo,Cualquier franja horaria,Cualquier franja horaria,Cualquier franja horaria,True,True
OEB020bbedc,typo,Cualquier franja horaria,Cualquier franja horaria,Cualquier franja horaria,True,True
OEB020bceaa,typo,Cualquier franja horaria,Cualquier franja horaria,Cualquier franja horaria,True,True
OEB020bceab,typo,Cualquier franja horaria,Cualquier franja horaria,Cualquier franja horaria,True,True
OEB020bceac,typo,Cualquier franja horaria,Cualquier franja horaria,Cualquier franja horaria,True,True
OEB020bceba,typo,Cualquier franja horaria,Cualquier franja horaria,Cualquier franja horaria,True,True
OEB020bcebb,typo,Cualquier franja horaria,Cualquier franja horaria,Cualquier franja horaria,True,True
OEB020bcebc,typo,Cualquier franja horaria,Cualquier franja horaria,Cualquier franja horaria,True,True
OEB020bceca,typo,Cualquier franja horaria,Cualquier franja horaria,Cualquier franja horaria,True,True
OEB020bcecb,typo,Cualquier franja horaria,Cualquier franja horaria,Cualquier franja horaria,True,True
OEB020bcecc,typo,Cualquier franja horaria,Cualquier franja horaria,Cualquier franja horaria,True,True
OEB020bceda,typo,Cualquier franja horaria,,Cualquier franja horaria,False,True
OEB020bcedb,typo,Cualquier franja horaria,,Cualquier franja horaria,False,True
OEB020bcedc,typo,Cualquier franja horaria,Cualquier franja horaria,Cualquier franja horaria,True,True
OEB020bdeaa,typo,Cualquier franja horaria,Cualquier franja horaria,Cualquier franja horaria,True,True
OEB020bdeab,typo,Cualquier franja horaria,Cualquier franja horaria,Cualquier franja horaria,True,True
OEB020bdeac,typo,Cualquier franja horaria,Cualquier franja horaria,Cualquier franja horaria,True,True
OEB020bdeba,typo,Cualquier franja horaria,Cualquier franja horaria,Cualquier franja horaria,True,True
OEB020bdebb,typo,Cualquier franja horaria,Cualquier franja horaria,Cualquier franja horaria,True,True
OEB020bdebc,typo,Cualquier franja horaria,Cualquier franja horaria,Cualquier franja horaria,True,True
OEB020bdeca,typo,Cualquier franja horaria,Cualquier franja horaria,Cualquier franja horaria,True,True
OEB020bdecb,typo,Cualquier franja horaria,Cualquier franja horaria,Cualquier franja horaria,True,True
OEB020bdecc,typo,Cualquier franja horaria,Cualquier franja horaria,Cualquier franja horaria,True,True
OEB020bdeda,typo,Cualquier franja horaria,Cualquier franja horaria,Cualquier franja horaria excepcional,True,False
OEB020bdedb,typo,Cualquier franja horaria,Cualquier franja horaria,Cualquier franja horaria,True,True
OEB020bdedc,typo,Cualquier franja horaria,Cualquier franja horaria,Cualquier franja horaria,True,True
OEB020beeaa,typo,Cualquier franja horaria,Cualquier franja horaria,Cualquier franja horaria,True,True
OEB020beeab,typo,Cualquier franja horaria,Cualquier franja horaria,Cualquier franja horaria,True,True
OEB020beeac,typo,Cualquier franja horaria,Cualquier franja horaria,Cualquier franja horaria,True,True
OEB020beeba,typo,Cualquier franja horaria,Cualquier franja horaria,Cualquier franja horaria,True,True
OEB020beebb,typo,Cualquier franja horaria,Cualquier franja horaria,Cualquier franja horaria,True,True
OEB020beebc,typo,Cualquier franja horaria,Cualquier franja horaria,Cualquier franja horaria,True,True
OEB020beeca,typo,Cualquier franja horaria,Cualquier franja horaria,Cualquier franja horaria,True,True
OEB020beecb,typo,Cualquier franja horaria,Cualquier franja horaria,Cualquier franja horaria,True,True
OEB020beecc,typo,Cualquier franja horaria,Cualquier franja horaria,Cualquier franja horaria,True,True
OEB020beeda,typo,Cualquier franja horaria,Cualquier franja horaria,Cualquier franja horaria,True,True
OEB020beedb,typo,Cualquier franja horaria,Cualquier franja horaria,Cualquier franja horaria,True,True
OEB020beedc,typo,Cualquier franja horaria,Cualquier franja horaria,Cualquier franja horaria,True,True
OEB020bfeaa,typo,Cualquier franja horaria,Cualquier franja horaria,Cualquier franja horaria,True,True
OEB020bfeab,typo,Cualquier franja horaria,Cualquier franja horaria,Cualquier franja horaria,True,True
OEB020bfeac,typo,Cualquier franja horaria,Cualquier franja horaria,Cualquier franja horaria,True,True
OEB020bfeba,typo,Cualquier franja horaria,Cualquier franja horaria,Cualquier franja horaria,True,True
OEB020bfebb,typo,Cualquier franja horaria,Cualquier franja horaria,Cualquier franja horaria,True,True
OEB020bfebc,typo,Cualquier franja horaria,Cualquier franja horaria,Cualquier franja horaria,True,True
OEB020bfeca,typo,Cualquier franja horaria,Cualquier franja horaria,Cualquier franja horaria,True,True
OEB020bfecb,typo,Cualquier franja horaria,Cualquier franja horaria,Cualquier franja horaria,True,True
OEB020bfecc,typo,Cualquier franja horaria,Cualquier franja horaria,Cualquier franja horaria,True,True
OEB020bfeda,typo,Cualquier franja horaria,,Cualquier franja horaria,False,True
OEB020bfedb,typo,Cualquier franja horaria,,Cualquier franja horaria,False,True
OEB020bfedc,typo,Cualquier franja horaria,Cualquier franja horaria,Cualquier franja horaria,True,True
OEB020bgeaa,typo,Cualquier franja horaria,Cualquier franja horaria,Cualquier franja horaria,True,True
OEB020bgeab,typo,Cualquier franja horaria,Cualquier franja horaria,Cualquier franja horaria,True,True
OEB020bgeac,typo,Cualquier franja horaria,Cualquier franja horaria,Cualquier franja horaria,True,True
OEB020bgeba,typo,Cualquier franja horaria,Cualquier franja horaria,Cualquier franja horaria,True,True
OEB020bgebb,typo,Cualquier franja horaria,Cualquier franja horaria,Cualquier franja horaria,True,True
OEB020bgebc,typo,Cualquier franja horaria,Cualquier franja horaria,Cualquier franja horaria,True,True
OEB020bgeca,typo,Cualquier franja horaria,Cualquier franja horaria,Cualquier franja horaria,True,True
OEB020bgecb,typo,Cualquier franja horaria,Cualquier franja horaria,Cualquier franja horaria,True,True
OEB020bgecc,typo,Cualquier franja horaria,Cualquier franja horaria,Cualquier franja horaria,True,True
OEB020bgeda,typo,Cualquier franja horaria,Cualquier franja horaria,Cualquier franja horaria,True,True
OEB020bgedb,typo,Cualquier franja horaria,Cualquier franja horaria,Cualquier franja horaria,True,True
OEB020bgedc,typo,Cualquier franja horaria,Cualquier franja horaria,Cualquier franja horaria,True,True
OEB020bheaa,typo,Cualquier franja horaria,Cualquier franja horaria,Cualquier franja horaria,True,True
OEB020bheab,typo,Cualquier franja horaria,Cualquier franja horaria,Cualquier franja horaria,True,True
OEB020bheac,typo,Cualquier franja horaria,Cualquier franja horaria,Cualquier franja horaria,True,True
OEB020bheba,typo,Cualquier franja horaria,Cualquier franja horaria,Cualquier franja horaria,True,True
OEB020bhebb,typo,Cualquier franja horaria,Cualquier franja horaria,Cualquier franja horaria,True,True
OEB020bhebc,typo,Cualquier franja horaria,Cualquier franja horaria,Cualquier franja horaria,True,True
OEB020bheca,typo,Cualquier franja horaria,Cualquier franja horaria,Cualquier franja horaria,True,True
OEB020bhecb,typo,Cualquier franja horaria,Cualquier franja horaria,Cualquier franja horaria,True,True
OEB020bhecc,typo,Cualquier franja horaria,Cualquier franja horaria,Cualquier franja horaria,True,True
OEB020bheda,typo,Cualquier franja horaria,Cualquier franja horaria,Cualquier franja horaria,True,True
OEB020bhedb,typo,Cualquier franja horaria,Cualquier franja horaria,Cualquier franja horaria,True,True
OEB020bhedc,typo,Cualquier franja horaria,Cualquier franja horaria,Cualquier franja horaria,True,True
OEB020caeaa,typo,Cualquier franja horaria,Cualquier franja horaria,Cualquier franja horaria,True,True
OEB020caeab,typo,Cualquier franja horaria,Cualquier franja horaria,Cualquier franja horaria,True,True
OEB020caeac,typo,Cualquier franja horaria,Cualquier franja horaria,Cualquier franja horaria,True,True
OEB020caeba,typo,Cualquier franja horaria,Cualquier franja horaria,Cualquier franja horaria,True,True
OEB020caebb,typo,Cualquier franja horaria,Cualquier franja horaria,Cualquier franja horaria,True,True
OEB020caebc,typo,Cualquier franja horaria,Cualquier franja horaria,Cualquier franja horaria,True,True
OEB020caeca,typo,Cualquier franja horaria,Cualquier franja horaria,Cualquier franja horaria,True,True
OEB020caecb,typo,Cualquier franja horaria,Cualquier franja horaria,Cualquier franja horaria,True,True
OEB020aafaa,correct,Cualquier franja horaria excepcional,Cualquier franja horaria excepcional,Cualquier franja horaria excepcional,True,True
OEB020aafab,correct,Cualquier franja horaria excepcional,Cualquier franja horaria excepcional,Cualquier franja horaria excepcional,True,True
OEB020aafac,correct,Cualquier franja horaria excepcional,Cualquier franja horaria excepcional,Cualquier franja horaria excepcional,True,True
OEB020aafba,correct,Cualquier franja horaria excepcional,Cualquier franja horaria excepcional,Cualquier franja horaria excepcional,True,True
OEB020aafbb,correct,Cualquier franja horaria excepcional,Cualquier franja horaria excepcional,Cualquier franja horaria excepcional,True,True
OEB020aafbc,correct,Cualquier franja horaria excepcional,Cualquier franja horaria excepcional,Cualquier franja horaria excepcional,True,True
OEB020aafca,correct,Cualquier franja horaria excepcional,Cualquier franja horaria excepcional,Cualquier franja horaria excepcional,True,True
OEB020aafcb,correct,Cualquier franja horaria excepcional,Cualquier franja horaria excepcional,Cualquier franja horaria excepcional,True,True
OEB020aafcc,correct,Cualquier franja horaria excepcional,Cualquier franja horaria excepcional,Cualquier franja horaria excepcional,True,True
OEB020aafda,correct,Cualquier franja horaria excepcional,Cualquier franja horaria excepcional,Cualquier franja horaria excepcional,True,True
OEB020aafdb,correct,Cualquier franja horaria excepcional,Cualquier franja horaria excepcional,Cualquier franja horaria excepcional,True,True
OEB020aafdc,correct,Cualquier franja horaria excepcional,Cualquier franja horaria excepcional,Cualquier franja horaria excepcional,True,True
OEB020abfaa,correct,Cualquier franja horaria excepcional,Cualquier franja horaria excepcional,Cualquier franja horaria excepcional,True,True
OEB020abfab,correct,Cualquier franja horaria excepcional,Cualquier franja horaria excepcional,Cualquier franja horaria excepcional,True,True
OEB020abfac,correct,Cualquier franja horaria excepcional,Cualquier franja horaria excepcional,Cualquier franja horaria excepcional,True,True
OEB020abfba,correct,Cualquier franja horaria excepcional,Cualquier franja horaria excepcional,Cualquier franja horaria excepcional,True,True
OEB020abfbb,correct,Cualquier franja horaria excepcional,Cualquier franja horaria excepcional,Cualquier franja horaria excepcional,True,True
OEB020abfbc,correct,Cualquier franja horaria excepcional,Cualquier franja horaria excepcional,Cualquier franja horaria excepcional,True,True
OEB020abfca,correct,Cualquier franja horaria excepcional,Cualquier franja horaria excepcional,Cualquier franja horaria excepcional,True,True
OEB020abfcb,correct,Cualquier franja horaria excepcional,Cualquier franja horaria excepcional,Cualquier franja horaria excepcional,True,True
OEB020abfcc,correct,Cualquier franja horaria excepcional,Cualquier franja horaria excepcional,Cualquier franja horaria excepcional,True,True
OEB020abfda,correct,Cualquier franja horaria excepcional,Cualquier franja horaria excepcional,Cualquier franja horaria excepcional,True,True
OEB020abfdb,correct,Cualquier franja horaria excepcional,Cualquier franja horaria excepcional,Cualquier franja horaria excepcional,True,True
OEB020abfdc,correct,Cualquier franja horaria excepcional,Cualquier franja horaria excepcional,Cualquier franja horaria excepcional,True,True
OEB020acfaa,correct,Cualquier franja horaria excepcional,Cualquier franja horaria excepcional,Cualquier franja horaria excepcional,True,True
OEB020acfab,correct,Cualquier franja horaria excepcional,Cualquier franja horaria excepcional,Cualquier franja horaria excepcional,True,True
OEB020acfac,correct,Cualquier franja horaria excepcional,Cualquier franja horaria excepcional,Cualquier franja horaria excepcional,True,True
OEB020acfba,correct,Cualquier franja horaria excepcional,,Cualquier franja horaria excepcional,False,True
OEB020acfbb,correct,Cualquier franja horaria excepcional,,Cualquier franja horaria excepcional,False,True
OEB020acfbc,correct,Cualquier franja horaria excepcional,Cualquier franja horaria excepcional,Cualquier franja horaria excepcional,True,True
OEB020acfca,correct,Cualquier franja horaria excepcional,,Cualquier franja horaria excepcional,False,True
OEB020acfcb,correct,Cualquier franja horaria excepcional,,Cualquier franja horaria excepcional,False,True
OEB020acfcc,correct,Cualquier franja horaria excepcional,Cualquier franja horaria excepcional,Cualquier franja horaria excepcional,True,True
OEB020acfda,correct,Cualquier franja horaria excepcional,,Cualquier franja horaria excepcional,False,True
OEB020acfdb,correct,Cualquier franja horaria excepcional,,Cualquier franja horaria excepcional,False,True
OEB020acfdc,correct,Cualquier franja horaria excepcional,Cualquier franja horaria excepcional,Cualquier franja horaria excepcional,True,True
OEB020adfaa,correct,Cualquier franja horaria excepcional,Cualquier franja horaria excepcional,Cualquier franja horaria excepcional,True,True
OEB020adfab,correct,Cualquier franja horaria excepcional,Cualquier franja horaria excepcional,Cualquier franja horaria excepcional,True,True
OEB020adfac,correct,Cualquier franja horaria excepcional,Cualquier franja horaria excepcional,Cualquier franja horaria excepcional,True,True
OEB020adfba,correct,Cualquier franja horaria excepcional,Cualquier franja horaria excepcional,Cualquier franja horaria excepcional,True,True
OEB020adfbb,correct,Cualquier franja horaria excepcional,Cualquier franja horaria excepcional,Cualquier franja horaria excepcional,True,True
OEB020adfbc,correct,Cualquier franja horaria excepcional,Cualquier franja horaria excepcional,Cualquier franja horaria excepcional,True,True
OEB020adfca,correct,Cualquier franja horaria excepcional,Cualquier franja horaria excepcional,Cualquier franja horaria excepcional,True,True
OEB020adfcb,correct,Cualquier franja horaria excepcional,Cualquier franja horaria excepcional,Cualquier franja horaria excepcional,True,True
OEB020adfcc,correct,Cualquier franja horaria excepcional,Cualquier franja horaria excepcional,Cualquier franja horaria excepcional,True,True
OEB020adfda,correct,Cualquier franja horaria excepcional,Cualquier franja horaria excepcional,Cualquier franja horaria excepcional,True,True
OEB020adfdb,correct,Cualquier franja horaria excepcional,Cualquier franja horaria excepcional,Cualquier franja horaria excepcional,True,True
OEB020adfdc,correct,Cualquier franja horaria excepcional,Cualquier franja horaria excepcional,Cualquier franja horaria excepcional,True,True
OEB020aefaa,correct,Cualquier franja horaria excepcional,Cualquier franja horaria excepcional,Cualquier franja horaria excepcional,True,True
OEB020aefab,correct,Cualquier franja horaria excepcional,Cualquier franja horaria excepcional,Cualquier franja horaria excepcional,True,True
OEB020aefac,correct,Cualquier franja horaria excepcional,Cualquier franja horaria excepcional,Cualquier franja horaria excepcional,True,True
OEB020aefba,correct,Cualquier franja horaria excepcional,,Cualquier franja horaria excepcional,False,True
OEB020aefbb,correct,Cualquier franja horaria excepcional,,Cualquier franja horaria excepcional,False,True
OEB020aefbc,correct,Cualquier franja horaria excepcional,Cualquier franja horaria excepcional,Cualquier franja horaria excepcional,True,True
OEB020aefca,correct,Cualquier franja horaria excepcional,Cualquier franja horaria excepcional,Cualquier franja horaria excepcional,True,True
OEB020aefcb,correct,Cualquier franja horaria excepcional,,Cualquier franja horaria excepcional,False,True
OEB020aefcc,correct,Cualquier franja horaria excepcional,Cualquier franja horaria excepcional,Cualquier franja horaria excepcional,True,True
OEB020aefda,correct,Cualquier franja horaria excepcional,Cualquier franja horaria excepcional,Cualquier franja horaria excepcional,True,True
OEB020aefdb,correct,Cualquier franja horaria excepcional,Cualquier franja horaria excepcional,Cualquier franja horaria excepcional,True,True
OEB020aefdc,correct,Cualquier franja horaria excepcional,Cualquier franja horaria excepcional,Cualquier franja horaria excepcional,True,True
OEB020affaa,correct,Cualquier franja horaria excepcional,Cualquier franja horaria excepcional,Cualquier franja horaria excepcional,True,True
OEB020affab,correct,Cualquier franja horaria excepcional,Cualquier franja horaria excepcional,Cualquier franja horaria excepcional,True,True
OEB020affac,correct,Cualquier franja horaria excepcional,Cualquier franja horaria excepcional,Cualquier franja horaria excepcional,True,True
OEB020affba,correct,Cualquier franja horaria excepcional,,Cualquier franja horaria excepcional,False,True
OEB020affbb,correct,Cualquier franja horaria excepcional,,Cualquier franja horaria excepcional,False,True
OEB020affbc,correct,Cualquier franja horaria excepcional,Cualquier franja horaria excepcional,Cualquier franja horaria excepcional,True,True
OEB020affca,correct,Cualquier franja horaria excepcional,,Cualquier franja horaria excepcional,False,True
OEB020affcb,correct,Cualquier franja horaria excepcional,,Cualquier franja horaria excepcional,False,True
OEB020affcc,correct,Cualquier franja horaria excepcional,Cualquier franja horaria excepcional,Cualquier franja horaria excepcional,True,True
OEB020affda,correct,Cualquier franja horaria excepcional,Cualquier franja horaria excepcional,Cualquier franja horaria excepcional,True,True
OEB020affdb,correct,Cualquier franja horaria excepcional,Cualquier franja horaria excepcional,Cualquier franja horaria excepcional,True,True
OEB020affdc,correct,Cualquier franja horaria excepcional,Cualquier franja horaria excepcional,Cualquier franja horaria excepcional,True,True
OEB020agfaa,correct,Cualquier franja horaria excepcional,Cualquier franja horaria excepcional,Cualquier franja horaria excepcional,True,True
OEB020agfab,correct,Cualquier franja horaria excepcional,Cualquier franja horaria excepcional,Cualquier franja horaria excepcional,True,True
OEB020agfac,correct,Cualquier franja horaria excepcional,Cualquier franja horaria excepcional,Cualquier franja horaria excepcional,True,True
OEB020agfba,correct,Cualquier franja horaria excepcional,,Cualquier franja horaria excepcional,False,True
OEB020agfbb,correct,Cualquier franja horaria excepcional,,Cualquier franja horaria excepcional,False,True
OEB020agfbc,correct,Cualquier franja horaria excepcional,Cualquier franja horaria excepcional,Cualquier franja horaria excepcional,True,True
OEB020agfca,correct,Cualquier franja horaria excepcional,Cualquier franja horaria excepcional,Cualquier franja horaria excepcional,True,True
OEB020agfcb,correct,Cualquier franja horaria excepcional,Cualquier franja horaria excepcional,Cualquier franja horaria excepcional,True,True
OEB020agfcc,correct,Cualquier franja horaria excepcional,Cualquier franja horaria excepcional,Cualquier franja horaria excepcional,True,True
OEB020agfda,correct,Cualquier franja horaria excepcional,Cualquier franja horaria excepcional,Cualquier franja horaria excepcional,True,True
OEB020agfdb,correct,Cualquier franja horaria excepcional,Cualquier franja horaria excepcional,Cualquier franja horaria excepcional,True,True
OEB020agfdc,correct,Cualquier franja horaria excepcional,Cualquier franja horaria excepcional,Cualquier franja horaria excepcional,True,True
OEB020ahfaa,correct,Cualquier franja horaria excepcional,Cualquier franja horaria excepcional,Cualquier franja horaria excepcional,True,True
OEB020ahfab,correct,Cualquier franja horaria excepcional,Cualquier franja horaria excepcional,Cualquier franja horaria excepcional,True,True
OEB020ahfac,correct,Cualquier franja horaria excepcional,Cualquier franja horaria excepcional,Cualquier franja horaria excepcional,True,True
OEB020ahfba,correct,Cualquier franja horaria excepcional,Cualquier franja horaria excepcional,Cualquier franja horaria excepcional,True,True
OEB020ahfbb,correct,Cualquier franja horaria excepcional,Cualquier franja horaria excepcional,Cualquier franja horaria excepcional,True,True
OEB020ahfbc,correct,Cualquier franja horaria excepcional,Cualquier franja horaria excepcional,Cualquier franja horaria excepcional,True,True
OEB020ahfca,correct,Cualquier franja horaria excepcional,Cualquier franja horaria excepcional,Cualquier franja horaria excepcional,True,True
OEB020ahfcb,correct,Cualquier franja horaria excepcional,Cualquier franja horaria excepcional,Cualquier franja horaria excepcional,True,True
OEB020ahfcc,correct,Cualquier franja horaria excepcional,Cualquier franja horaria excepcional,Cualquier franja horaria excepcional,True,True
OEB020ahfda,correct,Cualquier franja horaria excepcional,Cualquier franja horaria excepcional,Cualquier franja horaria excepcional,True,True
OEB020ahfdb,correct,Cualquier franja horaria excepcional,Cualquier franja horaria excepcional,Cualquier franja horaria excepcional,True,True
OEB020ahfdc,correct,Cualquier franja horaria excepcional,Cualquier franja horaria excepcional,Cualquier franja horaria excepcional,True,True
OEB020bafaa,correct,Cualquier franja horaria excepcional,Cualquier franja horaria excepcional,Cualquier franja horaria excepcional,True,True
OEB020bafab,correct,Cualquier franja horaria excepcional,Cualquier franja horaria excepcional,Cualquier franja horaria excepcional,True,True
OEB020bafac,correct,Cualquier franja horaria excepcional,Cualquier franja horaria excepcional,Cualquier franja horaria excepcional,True,True
OEB020bafba,correct,Cualquier franja horaria excepcional,Cualquier franja horaria excepcional,Cualquier franja horaria excepcional,True,True
OEB020bafbb,correct,Cualquier franja horaria excepcional,Cualquier franja horaria excepcional,Cualquier franja horaria excepcional,True,True
OEB020bafbc,correct,Cualquier franja horaria excepcional,Cualquier franja horaria excepcional,Cualquier franja horaria excepcional,True,True
OEB020bafca,correct,Cualquier franja horaria excepcional,Cualquier franja horaria excepcional,Cualquier franja horaria excepcional,True,True
OEB020bafcb,correct,Cualquier franja horaria excepcional,Cualquier franja horaria excepcional,Cualquier franja horaria excepcional,True,True
OEB020bafcc,correct,Cualquier franja horaria excepcional,Cualquier franja horaria excepcional,Cualquier franja horaria excepcional,True,True
OEB020bafda,correct,Cualquier franja horaria excepcional,Cualquier franja horaria excepcional,Cualquier franja horaria excepcional,True,True
OEB020bafdb,correct,Cualquier franja horaria excepcional,Cualquier franja horaria excepcional,Cualquier franja horaria excepcional,True,True
OEB020bafdc,correct,Cualquier franja horaria excepcional,Cualquier franja horaria excepcional,Cualquier franja horaria excepcional,True,True
OEB020bbfaa,correct,Cualquier franja horaria excepcional,Cualquier franja horaria excepcional,Cualquier franja horaria excepcional,True,True
OEB020bbfab,correct,Cualquier franja horaria excepcional,Cualquier franja horaria excepcional,Cualquier franja horaria excepcional,True,True
OEB020bbfac,correct,Cualquier franja horaria excepcional,Cualquier franja horaria excepcional,Cualquier franja horaria excepcional,True,True
OEB020bbfba,correct,Cualquier franja horaria excepcional,Cualquier franja horaria excepcional,Cualquier franja horaria excepcional,True,True
OEB020bbfbb,correct,Cualquier franja horaria excepcional,Cualquier franja horaria excepcional,Cualquier franja horaria excepcional,True,True
OEB020bbfbc,correct,Cualquier franja horaria excepcional,Cualquier franja horaria excepcional,Cualquier franja horaria excepcional,True,True
OEB020bbfca,correct,Cualquier franja horaria excepcional,Cualquier franja horaria excepcional,Cualquier franja horaria excepcional,True,True
OEB020bbfcb,correct,Cualquier franja horaria excepcional,Cualquier franja horaria excepcional,Cualquier franja horaria excepcional,True,True
OEB020bbfcc,correct,Cualquier franja horaria excepcional,Cualquier franja horaria excepcional,Cualquier franja horaria excepcional,True,True
OEB020bbfda,correct,Cualquier franja horaria excepcional,Cualquier franja horaria excepcional,Cualquier franja horaria excepcional,True,True
OEB020bbfdb,correct,Cualquier franja horaria excepcional,Cualquier franja horaria excepcional,Cualquier franja horaria excepcional,True,True
OEB020bbfdc,correct,Cualquier franja horaria excepcional,Cualquier franja horaria excepcional,Cualquier franja horaria excepcional,True,True
OEB020bcfaa,correct,Cualquier franja horaria excepcional,Cualquier franja horaria excepcional,Cualquier franja horaria excepcional,True,True
OEB020bcfab,correct,Cualquier franja horaria excepcional,Cualquier franja horaria excepcional,Cualquier franja horaria excepcional,True,True
OEB020bcfac,correct,Cualquier franja horaria excepcional,Cualquier franja horaria excepcional,Cualquier franja horaria excepcional,True,True
OEB020bcfba,correct,Cualquier franja horaria excepcional,,Cualquier franja horaria excepcional,False,True
OEB020bcfbb,correct,Cualquier franja horaria excepcional,,Cualquier franja horaria excepcional,False,True
OEB020bcfbc,correct,Cualquier franja horaria excepcional,Cualquier franja horaria excepcional,Cualquier franja horaria excepcional,True,True
OEB020bcfca,correct,Cualquier franja horaria excepcional,,Cualquier franja horaria excepcional,False,True
OEB020bcfcb,correct,Cualquier franja horaria excepcional,,Cualquier franja horaria excepcional,False,True
OEB020bcfcc,correct,Cualquier franja horaria excepcional,Cualquier franja horaria excepcional,Cualquier franja horaria excepcional,True,True
OEB020bcfda,correct,Cualquier franja horaria excepcional,,Cualquier franja horaria excepcional,False,True
OEB020bcfdb,correct,Cualquier franja horaria excepcional,,Cualquier franja horaria excepcional,False,True
OEB020bcfdc,correct,Cualquier franja horaria excepcional,Cualquier franja horaria excepcional,Cualquier franja horaria excepcional,True,True
OEB020bdfaa,correct,Cualquier franja horaria excepcional,Cualquier franja horaria excepcional,Cualquier franja horaria excepcional,True,True
OEB020bdfab,correct,Cualquier franja horaria excepcional,Cualquier franja horaria excepcional,Cualquier franja horaria excepcional,True,True
OEB020bdfac,correct,Cualquier franja horaria excepcional,Cualquier franja horaria excepcional,Cualquier franja horaria excepcional,True,True
OEB020bdfba,correct,Cualquier franja horaria excepcional,Cualquier franja horaria excepcional,Cualquier franja horaria excepcional,True,True
OEB020bdfbb,correct,Cualquier franja horaria excepcional,Cualquier franja horaria excepcional,Cualquier franja horaria excepcional,True,True
OEB020bdfbc,correct,Cualquier franja horaria excepcional,Cualquier franja horaria excepcional,Cualquier franja horaria excepcional,True,True
OEB020bdfca,correct,Cualquier franja horaria excepcional,Cualquier franja horaria excepcional,Cualquier franja horaria excepcional,True,True
OEB020bdfcb,correct,Cualquier franja horaria excepcional,Cualquier franja horaria excepcional,Cualquier franja horaria excepcional,True,True
OEB020bdfcc,correct,Cualquier franja horaria excepcional,Cualquier franja horaria excepcional,Cualquier franja horaria excepcional,True,True
OEB020bdfda,correct,Cualquier franja horaria excepcional,Cualquier franja horaria excepcional,Cualquier franja horaria excepcional,True,True
OEB020bdfdb,correct,Cualquier franja horaria excepcional,Cualquier franja horaria excepcional,Cualquier franja horaria excepcional,True,True
OEB020bdfdc,correct,Cualquier franja horaria excepcional,Cualquier franja horaria excepcional,Cualquier franja horaria excepcional,True,True
OEB020befaa,correct,Cualquier franja horaria excepcional,Cualquier franja horaria excepcional,Cualquier franja horaria excepcional,True,True
OEB020befab,correct,Cualquier franja horaria excepcional,Cualquier franja horaria excepcional,Cualquier franja horaria excepcional,True,True
OEB020befac,correct,Cualquier franja horaria excepcional,Cualquier franja horaria excepcional,Cualquier franja horaria excepcional,True,True
OEB020befba,correct,Cualquier franja horaria excepcional,,Cualquier franja horaria excepcional,False,True
OEB020befbb,correct,Cualquier franja horaria excepcional,,Cualquier franja horaria excepcional,False,True
OEB020befbc,correct,Cualquier franja horaria excepcional,Cualquier franja horaria excepcional,Cualquier franja horaria excepcional,True,True
OEB020befca,correct,Cualquier franja horaria excepcional,Cualquier franja horaria excepcional,Cualquier franja horaria excepcional,True,True
OEB020befcb,correct,Cualquier franja horaria excepcional,Cualquier franja horaria excepcional,Cualquier franja horaria excepcional,True,True
OEB020befcc,correct,Cualquier franja horaria excepcional,Cualquier franja horaria excepcional,Cualquier franja horaria excepcional,True,True
OEB020befda,correct,Cualquier franja horaria excepcional,Cualquier franja horaria excepcional,Cualquier franja horaria excepcional,True,True
OEB020befdb,correct,Cualquier franja horaria excepcional,Cualquier franja horaria excepcional,Cualquier franja horaria excepcional,True,True
OEB020befdc,correct,Cualquier franja horaria excepcional,Cualquier franja horaria excepcional,Cualquier franja horaria excepcional,True,True
OEB020bffaa,correct,Cualquier franja horaria excepcional,Cualquier franja horaria excepcional,Cualquier franja horaria excepcional,True,True
OEB020bffab,correct,Cualquier franja horaria excepcional,Cualquier franja horaria excepcional,Cualquier franja horaria excepcional,True,True
OEB020bffac,correct,Cualquier franja horaria excepcional,Cualquier franja horaria excepcional,Cualquier franja horaria excepcional,True,True
OEB020bffba,correct,Cualquier franja horaria excepcional,,Cualquier franja horaria excepcional,False,True
OEB020bffbb,correct,Cualquier franja horaria excepcional,,Cualquier franja horaria excepcional,False,True
OEB020bffbc,correct,Cualquier franja horaria excepcional,Cualquier franja horaria excepcional,Cualquier franja horaria excepcional,True,True
OEB020bffca,correct,Cualquier franja horaria excepcional,,Cualquier franja horaria excepcional,False,True
OEB020bffcb,correct,Cualquier franja horaria excepcional,,Cualquier franja horaria excepcional,False,True
OEB020bffcc,correct,Cualquier franja horaria excepcional,Cualquier franja horaria excepcional,Cualquier franja horaria excepcional,True,True
OEB020bffda,correct,Cualquier franja horaria excepcional,Cualquier franja horaria excepcional,Cualquier franja horaria excepcional,True,True
OEB020bffdb,correct,Cualquier franja horaria excepcional,Cualquier franja horaria excepcional,Cualquier franja horaria excepcional,True,True
OEB020bffdc,correct,Cualquier franja horaria excepcional,Cualquier franja horaria excepcional,Cualquier franja horaria excepcional,True,True
OEB020bgfaa,correct,Cualquier franja horaria excepcional,Cualquier franja horaria excepcional,Cualquier franja horaria excepcional,True,True
OEB020bgfab,correct,Cualquier franja horaria excepcional,Cualquier franja horaria excepcional,Cualquier franja horaria excepcional,True,True
OEB020bgfac,correct,Cualquier franja horaria excepcional,Cualquier franja horaria excepcional,Cualquier franja horaria excepcional,True,True
OEB020bgfba,correct,Cualquier franja horaria excepcional,,Cualquier franja horaria excepcional,False,True
OEB020bgfbb,correct,Cualquier franja horaria excepcional,,Cualquier franja horaria excepcional,False,True
OEB020bgfbc,correct,Cualquier franja horaria excepcional,Cualquier franja horaria excepcional,Cualquier franja horaria excepcional,True,True
OEB020bgfca,correct,Cualquier franja horaria excepcional,Cualquier franja horaria excepcional,Cualquier franja horaria excepcional,True,True
OEB020bgfcb,correct,Cualquier franja horaria excepcional,Cualquier franja horaria excepcional,Cualquier franja horaria excepcional,True,True
OEB020bgfcc,correct,Cualquier franja horaria excepcional,Cualquier franja horaria excepcional,Cualquier franja horaria excepcional,True,True
OEB020bgfda,correct,Cualquier franja horaria excepcional,Cualquier franja horaria excepcional,Cualquier franja horaria excepcional,True,True
OEB020bgfdb,correct,Cualquier franja horaria excepcional,Cualquier franja horaria excepcional,Cualquier franja horaria excepcional,True,True
OEB020bgfdc,correct,Cualquier franja horaria excepcional,Cualquier franja horaria excepcional,Cualquier franja horaria excepcional,True,True
OEB020bhfaa,correct,Cualquier franja horaria excepcional,Cualquier franja horaria excepcional,Cualquier franja horaria excepcional,True,True
OEB020bhfab,correct,Cualquier franja horaria excepcional,Cualquier franja horaria excepcional,Cualquier franja horaria excepcional,True,True
OEB020bhfac,correct,Cualquier franja horaria excepcional,Cualquier franja horaria excepcional,Cualquier franja horaria excepcional,True,True
OEB020bhfba,correct,Cualquier franja horaria excepcional,Cualquier franja horaria excepcional,Cualquier franja horaria excepcional,True,True
OEB020bhfbb,correct,Cualquier franja horaria excepcional,Cualquier franja horaria excepcional,Cualquier franja horaria excepcional,True,True
OEB020bhfbc,correct,Cualquier franja horaria excepcional,Cualquier franja horaria excepcional,Cualquier franja horaria excepcional,True,True
OEB020bhfca,correct,Cualquier franja horaria excepcional,Cualquier franja horaria excepcional,Cualquier franja horaria excepcional,True,True
OEB020bhfcb,correct,Cualquier franja horaria excepcional,Cualquier franja horaria excepcional,Cualquier franja horaria excepcional,True,True
OEB020bhfcc,correct,Cualquier franja horaria excepcional,Cualquier franja horaria excepcional,Cualquier franja horaria excepcional,True,True
OEB020bhfda,correct,Cualquier franja horaria excepcional,Cualquier franja horaria excepcional,Cualquier franja horaria excepcional,True,True
OEB020bhfdb,correct,Cualquier franja horaria excepcional,Cualquier franja horaria excepcional,Cualquier franja horaria excepcional,True,True
OEB020bhfdc,correct,Cualquier franja horaria excepcional,Cualquier franja horaria excepcional,Cualquier franja horaria excepcional,True,True
OEB020cafaa,correct,Cualquier franja horaria excepcional,Cualquier franja horaria excepcional,Cualquier franja horaria excepcional,True,True
OEB020cafab,correct,Cualquier franja horaria excepcional,Cualquier franja horaria excepcional,Cualquier franja horaria excepcional,True,True
OEB020cafac,correct,Cualquier franja horaria excepcional,Cualquier franja horaria excepcional,Cualquier franja horaria excepcional,True,True
OEB020cafba,correct,Cualquier franja horaria excepcional,Cualquier franja horaria excepcional,Cualquier franja horaria excepcional,True,True
OEB020cafbb,correct,Cualquier franja horaria excepcional,Cualquier franja horaria excepcional,Cualquier franja horaria excepcional,True,True
OEB020cafbc,correct,Cualquier franja horaria excepcional,Cualquier franja horaria excepcional,Cualquier franja horaria excepcional,True,True
OEB020cafca,correct,Cualquier franja horaria excepcional,Cualquier franja horaria excepcional,Cualquier franja horaria excepcional,True,True
OEB020cafcb,correct,Cualquier franja horaria excepcional,Cualquier franja horaria excepcional,Cualquier franja horaria excepcional,True,True
